Date,Decimal_Date,Average,Seasonally_Adjusted,Number_of_Days,Std_Dev,Uncertainty
2010-01,2010.0417,388.91,388.62,30,0.92,0.32
2010-02,2010.1250,390.41,389.47,20,1.31,0.56
2010-03,2010.2083,391.37,389.85,25,1.05,0.40
2010-04,2010.2917,392.67,390.12,26,0.65,0.24
2010-05,2010.3750,393.21,390.09,29,0.65,0.23
2010-06,2010.4583,392.38,390.10,28,0.42,0.15
2010-07,2010.5417,390.41,389.93,29,0.47,0.17
2010-08,2010.6250,388.54,390.21,26,0.41,0.16
2010-09,2010.7083,387.03,390.32,29,0.55,0.19
2010-10,2010.7917,387.43,390.72,31,0.27,0.09
2010-11,2010.8750,388.87,390.99,29,0.42,0.15
2010-12,2010.9583,389.99,390.80,29,0.47,0.17
2011-01,2011.0417,391.50,391.19,29,0.88,0.31
2011-02,2011.1250,392.05,391.12,28,0.47,0.17
2011-03,2011.2083,392.80,391.27,29,0.97,0.35
2011-04,2011.2917,393.44,390.83,28,0.73,0.26
2011-05,2011.3750,394.41,391.24,29,0.93,0.33
2011-06,2011.4583,393.95,391.64,28,0.45,0.16
2011-07,2011.5417,392.72,392.24,26,0.71,0.26
2011-08,2011.6250,390.33,392.04,27,0.42,0.15
2011-09,2011.7083,389.28,392.60,26,0.31,0.12
2011-10,2011.7917,389.19,392.53,30,0.17,0.06
2011-11,2011.8750,390.48,392.64,28,0.26,0.10
2011-12,2011.9583,392.06,392.86,26,0.37,0.14
2012-01,2012.0417,393.31,393.07,30,0.77,0.27
2012-02,2012.1250,394.04,393.20,26,1.19,0.45
2012-03,2012.2083,394.59,392.99,30,0.63,0.22
2012-04,2012.2917,396.38,393.65,29,0.59,0.21
2012-05,2012.3750,396.93,393.73,30,0.50,0.17
2012-06,2012.4583,395.91,393.63,28,0.59,0.21
2012-07,2012.5417,394.56,394.12,26,0.30,0.11
2012-08,2012.6250,392.59,394.37,30,0.52,0.18
2012-09,2012.7083,391.32,394.75,26,0.42,0.16
2012-10,2012.7917,391.27,394.64,28,0.23,0.08
2012-11,2012.8750,393.20,395.25,29,0.53,0.19
2012-12,2012.9583,394.57,395.27,29,0.44,0.16
2013-01,2013.0417,395.78,395.62,28,0.60,0.22
2013-02,2013.1250,397.03,396.23,25,0.57,0.22
2013-03,2013.2083,397.66,396.07,30,0.71,0.25
2013-04,2013.2917,398.64,395.79,22,0.59,0.24
2013-05,2013.3750,400.02,396.64,28,0.37,0.13
2013-06,2013.4583,398.81,396.48,26,0.43,0.16
2013-07,2013.5417,397.51,397.13,21,0.52,0.22
2013-08,2013.6250,395.39,397.27,27,0.45,0.16
2013-09,2013.7083,393.72,397.24,26,0.35,0.13
2013-10,2013.7917,393.90,397.25,28,0.16,0.06
2013-11,2013.8750,395.36,397.35,30,0.60,0.21
2013-12,2013.9583,397.03,397.78,30,0.48,0.17
2014-01,2014.0417,398.04,397.74,31,0.49,0.17
2014-02,2014.1250,398.27,397.45,27,0.51,0.19
2014-03,2014.2083,399.91,398.37,22,0.84,0.34
2014-04,2014.2917,401.51,398.63,26,0.50,0.19
2014-05,2014.3750,401.96,398.56,22,0.51,0.21
2014-06,2014.4583,401.43,399.10,28,0.36,0.13
2014-07,2014.5417,399.27,398.85,25,0.55,0.21
2014-08,2014.6250,397.18,399.07,22,0.28,0.12
2014-09,2014.7083,395.54,399.11,21,0.54,0.23
2014-10,2014.7917,396.16,399.58,24,0.73,0.29
2014-11,2014.8750,397.40,399.49,27,0.37,0.14
2014-12,2014.9583,399.08,399.81,29,0.60,0.21
2015-01,2015.0417,400.18,399.92,30,0.55,0.19
2015-02,2015.1250,400.55,399.77,28,0.63,0.23
2015-03,2015.2083,401.74,400.22,24,1.02,0.40
2015-04,2015.2917,403.35,400.46,26,0.86,0.32
2015-05,2015.3750,404.15,400.70,30,0.32,0.11
2015-06,2015.4583,402.97,400.65,29,0.47,0.17
2015-07,2015.5417,401.46,401.11,24,0.57,0.22
2015-08,2015.6250,399.11,401.04,28,0.74,0.27
2015-09,2015.7083,397.82,401.43,25,0.32,0.12
2015-10,2015.7917,398.49,401.89,28,0.56,0.20
2015-11,2015.8750,400.27,402.24,25,0.58,0.22
2015-12,2015.9583,402.06,402.72,30,0.67,0.23
2016-01,2016.0417,402.73,402.45,27,0.56,0.21
2016-02,2016.1250,404.25,403.40,25,1.11,0.43
2016-03,2016.2083,405.06,403.54,28,0.81,0.29
2016-04,2016.2917,407.60,404.77,23,1.04,0.41
2016-05,2016.3750,407.90,404.41,29,0.50,0.18
2016-06,2016.4583,406.99,404.59,26,0.60,0.23
2016-07,2016.5417,404.59,404.24,28,0.88,0.32
2016-08,2016.6250,402.45,404.41,24,0.60,0.23
2016-09,2016.7083,401.23,404.85,25,0.44,0.17
2016-10,2016.7917,401.79,405.23,29,0.30,0.11
2016-11,2016.8750,403.72,405.74,27,0.72,0.26
2016-12,2016.9583,404.64,405.33,29,0.44,0.16
2017-01,2017.0417,406.36,406.04,27,0.68,0.25
2017-02,2017.1250,406.66,405.80,26,0.71,0.27
2017-03,2017.2083,407.54,406.05,24,1.03,0.40
2017-04,2017.2917,409.22,406.37,26,0.86,0.32
2017-05,2017.3750,409.89,406.37,27,0.57,0.21
2017-06,2017.4583,409.08,406.68,26,0.54,0.20
2017-07,2017.5417,407.33,407.01,28,0.61,0.22
2017-08,2017.6250,405.32,407.31,29,0.32,0.12
2017-09,2017.7083,403.57,407.17,26,0.37,0.14
2017-10,2017.7917,403.82,407.23,27,0.30,0.11
2017-11,2017.8750,405.31,407.36,26,0.41,0.15
2017-12,2017.9583,407.00,407.71,31,0.57,0.20
2018-01,2018.0417,408.15,407.83,29,0.55,0.19
2018-02,2018.1250,408.52,407.61,28,0.52,0.19
2018-03,2018.2083,409.59,408.06,29,0.65,0.23
2018-04,2018.2917,410.45,407.65,21,0.90,0.38
2018-05,2018.3750,411.44,407.98,24,0.86,0.33
2018-06,2018.4583,410.99,408.60,29,0.61,0.22
2018-07,2018.5417,408.90,408.60,27,0.46,0.17
2018-08,2018.6250,407.16,409.17,31,0.28,0.10
2018-09,2018.7083,405.71,409.30,29,0.45,0.16
2018-10,2018.7917,406.19,409.56,30,0.32,0.11
2018-11,2018.8750,408.21,410.24,24,0.56,0.22
2018-12,2018.9583,409.27,409.99,30,0.50,0.17
2019-01,2019.0417,411.03,410.69,26,1.26,0.47
2019-02,2019.1250,411.96,410.97,27,1.14,0.42
2019-03,2019.2083,412.18,410.71,28,1.12,0.40
2019-04,2019.2917,413.54,410.92,27,0.60,0.22
2019-05,2019.3750,414.86,411.47,28,0.50,0.18
2019-06,2019.4583,414.15,411.74,27,0.36,0.13
2019-07,2019.5417,411.96,411.64,25,0.81,0.31
2019-08,2019.6250,410.17,412.10,29,0.32,0.11
2019-09,2019.7083,408.76,412.26,29,0.35,0.13
2019-10,2019.7917,408.74,412.09,29,0.31,0.11
2019-11,2019.8750,410.47,412.50,26,0.40,0.15
2019-12,2019.9583,411.97,412.71,31,0.40,0.14
2020-01,2020.0417,413.59,413.22,29,0.73,0.26
2020-02,2020.1250,414.32,413.40,28,0.69,0.25
2020-03,2020.2083,414.72,413.35,26,0.32,0.12
2020-04,2020.2917,416.42,413.92,28,0.65,0.24
2020-05,2020.3750,417.28,413.98,27,0.61,0.23
2020-06,2020.4583,416.58,414.15,27,0.44,0.16
2020-07,2020.5417,414.58,414.19,30,0.57,0.20
2020-08,2020.6250,412.75,414.60,25,0.25,0.10
2020-09,2020.7083,411.50,414.90,29,0.31,0.11
2020-10,2020.7917,411.49,414.79,30,0.22,0.08
2020-11,2020.8750,413.10,415.11,27,0.81,0.30
2020-12,2020.9583,414.23,414.91,30,0.48,0.17
2021-01,2021.0417,415.49,415.23,29,0.44,0.16
2021-02,2021.1250,416.72,415.80,28,1.02,0.37
2021-03,2021.2083,417.61,416.17,28,0.86,0.31
2021-04,2021.2917,419.01,416.59,24,1.12,0.44
2021-05,2021.3750,419.09,415.88,28,0.90,0.32
2021-06,2021.4583,418.93,416.48,29,0.65,0.23
2021-07,2021.5417,416.90,416.48,31,0.71,0.24
2021-08,2021.6250,414.42,416.27,25,0.74,0.28
2021-09,2021.7083,413.26,416.63,27,0.29,0.11
2021-10,2021.7917,413.90,417.14,29,0.35,0.12
2021-11,2021.8750,414.97,416.92,30,0.36,0.13
2021-12,2021.9583,416.67,417.37,28,0.48,0.17
2022-01,2022.0417,418.13,417.86,30,0.72,0.25
2022-02,2022.1250,419.24,418.32,27,0.92,0.34
2022-03,2022.2083,418.76,417.31,30,0.78,0.27
2022-04,2022.2917,420.19,417.67,28,0.86,0.31
2022-05,2022.3750,420.97,417.70,31,0.75,0.26
2022-06,2022.4583,420.94,418.47,28,0.30,0.11
2022-07,2022.5417,418.85,418.41,27,0.57,0.21
2022-08,2022.6250,417.15,419.03,27,0.37,0.13
2022-09,2022.7083,415.91,419.30,28,0.41,0.15
2022-10,2022.7917,415.74,418.97,30,0.27,0.10
2022-11,2022.8750,417.47,419.51,25,0.52,0.20
2022-12,2022.9583,418.99,419.79,24,0.57,0.22
2023-01,2023.0417,419.47,419.19,31,0.39,0.14
2023-02,2023.1250,420.31,419.35,23,0.70,0.28
2023-03,2023.2083,420.99,419.56,30,0.74,0.26
2023-04,2023.2917,423.31,420.88,27,0.56,0.21
2023-05,2023.3750,424.00,420.77,31,0.70,0.24
2023-06,2023.4583,423.68,421.22,29,0.57,0.20
2023-07,2023.5417,421.83,421.42,21,0.48,0.20
2023-08,2023.6250,419.68,421.56,21,0.45,0.19
2023-09,2023.7083,418.50,421.90,18,0.30,0.14
2023-10,2023.7917,418.82,422.05,27,0.47,0.17
2023-11,2023.8750,420.46,422.42,21,0.91,0.38
2023-12,2023.9583,421.86,422.59,20,0.69,0.29
2024-01,2024.0417,422.80,422.53,27,0.70,0.26
2024-02,2024.1250,424.55,423.60,22,1.24,0.51
2024-03,2024.2083,425.38,423.95,22,0.99,0.40
2024-04,2024.2917,426.51,424.09,22,0.99,0.40
2024-05,2024.3750,426.90,423.66,29,0.76,0.27
2024-06,2024.4583,426.91,424.45,20,0.65,0.28
2024-07,2024.5417,425.55,425.14,24,0.69,0.27
2024-08,2024.6250,422.99,424.87,22,1.08,0.44
2024-09,2024.7083,422.03,425.43,18,0.41,0.18
2024-10,2024.7917,422.38,425.61,22,0.35,0.14
2024-11,2024.8750,423.85,425.81,24,0.33,0.13
2024-12,2024.9583,425.40,426.14,28,0.70,0.25
2025-01,2025.0417,426.65,426.38,29,0.62,0.22
2025-02,2025.1250,427.09,426.13,24,0.64,0.25
2025-03,2025.2083,428.15,426.72,27,1.13,0.41
2025-04,2025.2917,429.64,427.22,23,0.73,0.29
2025-05,2025.3750,430.51,427.27,23,0.39,0.16
2025-06,2025.4583,429.61,427.15,26,0.71,0.27
2025-07,2025.5417,427.87,427.46,24,0.31,0.12
2025-08,2025.6250,425.48,427.36,24,0.38,0.15
2025-09,2025.7083,424.37,427.77,19,0.48,0.21
2025-10,2025.7917,424.87,428.10,19,0.32,0.14
2025-11,2025.8750,426.46,428.42,20,0.69,0.30
2025-12,2025.9583,427.49,428.22,24,0.32,0.12
2026-01,2026.0417,428.62,428.34,25,0.69,0.27
2026-02,2026.1250,429.35,428.40,17,0.74,0.35
2026-03,2026.2083,430.15,428.72,26,0.86,0.32
2026-04,2026.2917,431.12,428.70,23,1.13,0.45
